id,fullname,email,gender,ip_address
1,"Marcellina Benedicto",mbenedicto0@earthlink.net,Female,242.223.255.120
2,"Aubert Akers",aakers1@newsvine.com,Male,97.246.179.21
3,"Felicle Paynton",fpaynton2@ucoz.com,Female,98.233.111.50
4,"Ashla Palatini",apalatini3@google.com.br,Female,134.140.147.249
5,"Babbette Tratton",btratton4@si.edu,Female,116.36.247.149
6,"Mendy Doiley",mdoiley5@clickbank.net,Male,228.251.223.30
7,"Nedi Grattan",ngrattan6@feedburner.com,Female,74.183.185.30
8,"Liva Eagell",leagell7@123-reg.co.uk,Female,226.233.115.166
9,"Celestyn Perchard",cperchard8@discovery.com,Female,135.60.100.216
10,"Devonna Stedmond",dstedmond9@digg.com,Female,176.195.130.248
11,"Ceciley Runnicles",crunniclesa@statcounter.com,Female,215.212.179.166
12,"Magda Kirtley",mkirtleyb@ed.gov,Female,105.107.98.6
13,"Rosana Drane",rdranec@bing.com,Female,71.191.201.166
14,"Gunar Huskisson",ghuskissond@wsj.com,Male,15.128.190.19
15,"Averill Sloper",aslopere@quantcast.com,Male,134.19.27.249
16,"Reid Crombleholme",rcrombleholmef@apache.org,Male,248.71.26.76
17,"Ula Woolis",uwoolisg@w3.org,Female,110.159.13.84
18,"Huberto Diego",hdiegoh@globo.com,Male,158.151.113.147
19,"Benjamen Van't Hoff",bvanthoffi@privacy.gov.au,Male,255.147.65.53
20,"Dorris Koschke",dkoschkej@sogou.com,Female,203.41.161.42
21,"Forbes De Meyer",fdemeyerk@paginegialle.it,Male,223.195.141.74
22,"Paten Adam",padaml@time.com,Male,126.253.48.116
23,"Timoteo Rayne",traynem@marriott.com,Male,249.44.185.128
24,"Edgard Sends",esendsn@boston.com,Bigender,232.172.103.230
25,"Algernon Rorke",arorkeo@springer.com,Agender,110.12.113.248
26,"Chev Demongeot",cdemongeotp@360.cn,Male,43.212.8.252
27,"Elmo Hanks",ehanksq@discovery.com,Male,236.148.77.112
28,"Travus Search",tsearchr@typepad.com,Male,153.72.118.108
29,"Brianne Splaven",bsplavens@thetimes.co.uk,Female,213.203.36.133
30,"Kendall Cullinan",kcullinant@biblegateway.com,Male,187.39.117.216
31,"Norry D'Avaux",ndavauxu@homestead.com,Male,28.249.157.147
32,"Cairistiona Rupert",crupertv@tinyurl.com,Female,226.78.35.12
33,"Tommie Herries",therriesw@oracle.com,Male,65.122.151.206
34,"Benson Jillett",bjillettx@t-online.de,Male,219.15.78.41
35,"Rustie Roswarn",rroswarny@seesaa.net,Polygender,110.212.77.225
36,"Cleavland Anning",canningz@google.com.au,Male,92.187.111.236
37,"Katrinka Dyter",kdyter10@google.com.au,Female,236.19.206.170
38,"Cary Willicott",cwillicott11@vkontakte.ru,Female,211.152.248.81
39,"Peggie Brodnecke",pbrodnecke12@china.com.cn,Female,15.202.176.119
40,"Pablo Lattie",plattie13@unesco.org,Male,187.53.134.170
41,"Lavena Jenoure",ljenoure14@constantcontact.com,Female,174.176.27.245
42,"Basilio Sulland",bsulland15@studiopress.com,Male,13.39.39.119
43,"Charlton Gregg",cgregg16@engadget.com,Bigender,111.92.187.47
44,"Iggie Mainwaring",imainwaring17@mysql.com,Male,149.116.40.173
45,"Verina Vlasin",vvlasin18@ycombinator.com,Female,68.185.33.175
46,"Andrus Clarke",aclarke19@g.co,Male,28.157.50.66
47,"Abran Bavester",abavester1a@discuz.net,Male,232.103.42.193
48,"Bordie Gipp",bgipp1b@issuu.com,Male,252.138.102.99
49,"Trixy Jaine",tjaine1c@studiopress.com,Female,242.57.253.73
50,"Miguelita Gewer",mgewer1d@jiathis.com,Female,169.150.85.18
51,"Rog Bass",rbass1e@issuu.com,Agender,205.186.79.255
52,"Cassey Gabbotts",cgabbotts1f@instagram.com,Genderfluid,29.108.184.135
53,"Bealle Broxap",bbroxap1g@skype.com,Male,229.183.106.19
54,"Vincent Poore",vpoore1h@cafepress.com,Male,197.239.151.235
55,"Darla Durdy",ddurdy1i@webnode.com,Genderfluid,128.200.183.194
56,"Alic Renish",arenish1j@seesaa.net,Male,200.199.182.190
57,"Annamaria Rocco",arocco1k@marriott.com,Female,167.231.136.183
58,"Shell Griffitts",sgriffitts1l@sitemeter.com,Female,166.105.129.166
59,"Elaina Winfrey",ewinfrey1m@moonfruit.com,Female,155.236.186.82
60,"Angel Slowgrove",aslowgrove1n@canalblog.com,Female,213.141.147.53
61,"Dwayne Pepon",dpepon1o@dot.gov,Male,103.182.94.50
62,"Karry Custed",kcusted1p@bloomberg.com,Female,49.21.174.190
63,"Trisha McGibbon",tmcgibbon1q@ftc.gov,Female,215.118.2.46
64,"Janek Spikings",jspikings1r@etsy.com,Male,101.91.123.201
65,"Coriss Stammers",cstammers1s@youtube.com,Female,9.28.190.186
66,"Isaiah Datte",idatte1t@bing.com,Male,224.176.255.230
67,"Consalve Nussgen",cnussgen1u@twitter.com,Male,134.89.54.84
68,"Briney Dod",bdod1v@geocities.com,Female,49.116.60.135
69,"Warren Oleszczak",woleszczak1w@mediafire.com,Male,161.96.73.222
70,"Bennie Szimon",bszimon1x@deviantart.com,Male,136.111.88.24
71,"Nicolai Cleft",ncleft1y@unc.edu,Male,154.244.93.146
72,"Korry Iacovucci",kiacovucci1z@skype.com,Female,94.223.188.157
73,"Fidel Carren",fcarren20@surveymonkey.com,Male,25.185.123.237
74,"Papagena Dosdell",pdosdell21@digg.com,Female,84.3.141.97
75,"Aubry Kenworth",akenworth22@unicef.org,Polygender,44.52.253.247
76,"Shurwood Denyukhin",sdenyukhin23@newyorker.com,Male,79.199.137.118
77,"Seumas Kesten",skesten24@paypal.com,Male,117.191.1.171
78,"Gaynor Sowman",gsowman25@merriam-webster.com,Female,68.109.56.56
79,"Wilbur Harron",wharron26@newyorker.com,Male,22.137.20.157
80,"Kimmy Friman",kfriman27@constantcontact.com,Non-binary,210.196.166.112
81,"Dorie Buttler",dbuttler28@jalbum.net,Female,145.62.8.55
82,"Silvia Jirick",sjirick29@tumblr.com,Female,112.145.74.11
83,"Huntley Cadreman",hcadreman2a@bloomberg.com,Male,197.217.16.13
84,"Rafe Birtwell",rbirtwell2b@163.com,Male,215.50.109.187
85,"Filip Kmietsch",fkmietsch2c@cam.ac.uk,Male,34.25.226.7
86,"Marco Lawie",mlawie2d@spotify.com,Male,81.157.65.203
87,"Dayle Ashleigh",dashleigh2e@usgs.gov,Female,245.185.205.153
88,"Alf Free",afree2f@salon.com,Male,9.25.73.145
89,"Janice Burth",jburth2g@ftc.gov,Polygender,71.133.40.164
90,"George Jefferson",gjefferson2h@fda.gov,Non-binary,34.149.183.207
91,"Charlean Izakov",cizakov2i@nhs.uk,Genderfluid,189.107.135.123
92,"Whitney MacCurley",wmaccurley2j@globo.com,Male,149.213.169.23
93,"Trefor Brok",tbrok2k@livejournal.com,Male,157.140.215.65
94,"Caryl Mioni",cmioni2l@tripod.com,Female,116.69.69.220
95,"Mersey Wickwarth",mwickwarth2m@dion.ne.jp,Female,143.109.7.151
96,"Livvyy Breckenridge",lbreckenridge2n@disqus.com,Female,31.79.245.193
97,"Ty Faltin",tfaltin2o@homestead.com,Male,113.190.120.101
98,"Thorny Matteuzzi",tmatteuzzi2p@amazon.co.uk,Genderqueer,175.184.63.44
99,"Belle Stubbins",bstubbins2q@tmall.com,Genderfluid,239.185.177.244
100,"Keenan Gilogly",kgilogly2r@cnet.com,Male,17.22.156.169
101,"Carlin Gregoriou",cgregoriou2s@xing.com,Male,251.15.37.58
102,"Cornelius Gaye",cgaye2t@irs.gov,Male,138.161.17.205
103,"Innis Bleazard",ibleazard2u@angelfire.com,Male,142.201.28.121
104,"Gwendolin Ciementini",gciementini2v@uiuc.edu,Female,24.30.227.235
105,"Alric Roxbrough",aroxbrough2w@dailymotion.com,Male,44.17.220.33
106,"Austine Snepp",asnepp2x@skyrock.com,Female,113.95.76.155
107,"Ezechiel Jodkowski",ejodkowski2y@hud.gov,Male,183.229.52.95
108,"Martainn Fetherstone",mfetherstone2z@mayoclinic.com,Male,160.190.138.20
109,"Westleigh Selbie",wselbie30@mac.com,Male,255.161.3.46
110,"Mendy Pirt",mpirt31@51.la,Male,108.95.52.146
111,"Laurette Bech",lbech32@state.gov,Female,145.236.147.212
112,"Glad Pepis",gpepis33@aol.com,Female,3.248.36.104
113,"Wileen Toffalo",wtoffalo34@redcross.org,Female,136.6.116.92
114,"Chickie Mulran",cmulran35@europa.eu,Female,244.58.249.54
115,"Garik Tumilty",gtumilty36@ucla.edu,Male,250.39.175.54
116,"Desi Menego",dmenego37@tumblr.com,Male,180.93.122.70
117,"Georgine Olligan",golligan38@alibaba.com,Female,143.57.120.179
118,"Krishnah Berggren",kberggren39@parallels.com,Male,241.152.235.89
119,"Gertrudis Otterwell",gotterwell3a@istockphoto.com,Polygender,124.241.179.38
120,"Walden Colling",wcolling3b@ameblo.jp,Genderfluid,113.170.174.3
121,"Rhody Yardley",ryardley3c@opensource.org,Female,188.153.115.170
122,"Issi Gershom",igershom3d@topsy.com,Female,192.172.7.128
123,"Gallagher Le Teve",gleteve3e@fc2.com,Male,214.45.230.101
124,"Jacqueline Mapplebeck",jmapplebeck3f@prnewswire.com,Female,101.216.135.15
125,"Edmon Broszkiewicz",ebroszkiewicz3g@ebay.co.uk,Male,37.128.19.89
126,"Alejandra Muge",amuge3h@upenn.edu,Female,157.131.180.164
127,"Gunilla Greenhowe",ggreenhowe3i@nature.com,Non-binary,173.34.9.233
128,"Thedric Cavill",tcavill3j@weebly.com,Male,166.30.113.99
129,"Hagen Rickersy",hrickersy3k@accuweather.com,Male,134.59.73.10
130,"Garth Rabl",grabl3l@about.me,Male,167.97.140.221
131,"Phaedra Mousley",pmousley3m@a8.net,Female,107.229.83.236
132,"Ruprecht Lord",rlord3n@dailymotion.com,Male,114.239.7.58
133,"Mata Telezhkin",mtelezhkin3o@dailymail.co.uk,Male,142.102.212.227
134,"Tessi McKellen",tmckellen3p@usa.gov,Female,234.56.193.73
135,"Gordon Gadney",ggadney3q@chicagotribune.com,Male,238.163.135.46
136,"Shelbi Skyrme",sskyrme3r@rambler.ru,Female,125.53.67.0
137,"Manolo Perchard",mperchard3s@cloudflare.com,Male,16.67.74.46
138,"Moyra Wasielewski",mwasielewski3t@google.de,Female,129.188.252.41
139,"Giovanni Southgate",gsouthgate3u@elegantthemes.com,Male,59.251.120.249
140,"Lyndsay Naish",lnaish3v@diigo.com,Female,165.250.175.84
141,"Valdemar Wharlton",vwharlton3w@businessweek.com,Male,49.77.133.50
142,"Kalina Copes",kcopes3x@prnewswire.com,Agender,15.221.150.160
143,"Annnora Scotchmore",ascotchmore3y@nature.com,Female,122.131.34.166
144,"Sorcha Bumby",sbumby3z@rakuten.co.jp,Female,152.12.64.22
145,"Lexie Farnes",lfarnes40@seattletimes.com,Female,94.73.194.53
146,"Guenevere Boice",gboice41@wikispaces.com,Female,219.182.19.19
147,"Nalani Giamelli",ngiamelli42@yellowpages.com,Female,203.17.231.9
148,"Joseito Jimmison",jjimmison43@who.int,Male,105.212.46.184
149,"Christalle Regelous",cregelous44@liveinternet.ru,Female,133.106.184.169
150,"Murvyn Hearsey",mhearsey45@huffingtonpost.com,Male,1.23.65.0
151,"Shel Agate",sagate46@usa.gov,Female,77.137.115.225
152,"Ediva Braley",ebraley47@adobe.com,Female,145.21.244.230
153,"Lorelei Croston",lcroston48@cmu.edu,Female,179.231.172.39
154,"Reube Doyley",rdoyley49@gravatar.com,Male,205.114.138.218
155,"Marna Whiteford",mwhiteford4a@fastcompany.com,Female,110.142.228.127
156,"Konrad Megany",kmegany4b@webeden.co.uk,Male,152.88.170.140
157,"Ginnifer McColl",gmccoll4c@wix.com,Female,77.105.118.157
158,"Candide Blaschek",cblaschek4d@census.gov,Female,185.199.5.191
159,"Randall Shone",rshone4e@dailymail.co.uk,Male,172.114.49.74
160,"Danny Montier",dmontier4f@cbslocal.com,Female,96.188.201.148
161,"Jabez Novichenko",jnovichenko4g@ucsd.edu,Male,242.26.222.58
162,"Lancelot Briand",lbriand4h@usatoday.com,Male,222.181.62.72
163,"Ursola Harnott",uharnott4i@yellowbook.com,Female,51.139.209.187
164,"Othilia Querrard",oquerrard4j@networksolutions.com,Female,128.85.75.229
165,"Shaylynn Logesdale",slogesdale4k@craigslist.org,Bigender,126.122.176.94
166,"Gerrilee Bordes",gbordes4l@epa.gov,Female,66.237.31.122
167,"Edee Chetwin",echetwin4m@skype.com,Female,206.31.234.162
168,"Hali Takkos",htakkos4n@list-manage.com,Female,213.181.45.53
169,"Duane Rawlence",drawlence4o@thetimes.co.uk,Male,130.132.175.207
170,"Cesare Phaup",cphaup4p@last.fm,Male,18.128.215.115
171,"Mercie Maultby",mmaultby4q@nps.gov,Female,38.152.44.104
172,"Brendis Scibsey",bscibsey4r@cloudflare.com,Male,205.238.59.18
173,"Greg Renvoise",grenvoise4s@scientificamerican.com,Male,216.193.243.14
174,"Melva Aggott",maggott4t@berkeley.edu,Genderqueer,62.230.5.141
175,"Land Wade",lwade4u@booking.com,Male,230.178.215.101
176,"Gerek Avramchik",gavramchik4v@yale.edu,Male,101.53.144.19
177,"Garner Medlicott",gmedlicott4w@washingtonpost.com,Male,168.171.213.116
178,"Zebedee Pettifor",zpettifor4x@google.cn,Male,181.106.95.138
179,"Floria Glitherow",fglitherow4y@drupal.org,Female,221.28.43.83
180,"Forster Barkway",fbarkway4z@rambler.ru,Bigender,29.47.75.39
181,"Alana Crayker",acrayker50@europa.eu,Genderqueer,131.135.205.244
182,"Kaia Ayre",kayre51@illinois.edu,Female,160.52.126.220
183,"Fedora Wharrier",fwharrier52@de.vu,Female,226.214.12.115
184,"Rorke Kemmer",rkemmer53@photobucket.com,Male,209.20.144.42
185,"Micheline Sexten",msexten54@domainmarket.com,Female,66.226.229.105
186,"Joye Norrey",jnorrey55@mozilla.org,Female,70.101.160.167
187,"Gasparo Rumsby",grumsby56@java.com,Male,89.184.33.143
188,"Bret Matuskiewicz",bmatuskiewicz57@constantcontact.com,Male,245.252.52.10
189,"Aguie Lashmore",alashmore58@about.com,Male,234.136.105.246
190,"Corliss Jeandel",cjeandel59@sohu.com,Female,212.139.118.175
191,"Vanni Ianetti",vianetti5a@diigo.com,Female,245.214.146.186
192,"Stormie Morgen",smorgen5b@prlog.org,Female,201.248.95.205
193,"Zitella Cockren",zcockren5c@diigo.com,Female,82.207.118.9
194,"Rikki Caustic",rcaustic5d@sciencedaily.com,Agender,125.119.56.63
195,"Salomon Glyssanne",sglyssanne5e@digg.com,Male,0.66.182.60
196,"Valentina Keynes",vkeynes5f@w3.org,Bigender,110.123.9.249
197,"Lamond Gallafant",lgallafant5g@google.fr,Male,240.223.87.234
198,"Dewitt Norcott",dnorcott5h@dmoz.org,Male,206.205.166.83
199,"Pete Carlyon",pcarlyon5i@google.co.uk,Male,183.95.219.187
200,"Giustino Speir",gspeir5j@example.com,Male,147.128.11.58
201,"Minna Piatto",mpiatto5k@pcworld.com,Female,239.214.182.73
202,"Audy Albrighton",aalbrighton5l@infoseek.co.jp,Genderqueer,171.200.5.217
203,"Brinn Whittleton",bwhittleton5m@prweb.com,Female,198.34.232.140
204,"Cathi Blundin",cblundin5n@ihg.com,Female,248.234.53.53
205,"Biddy McLaughlan",bmclaughlan5o@mapy.cz,Female,6.233.33.189
206,"Rheba Tyne",rtyne5p@cyberchimps.com,Female,66.204.108.188
207,"Monique Avrasin",mavrasin5q@opensource.org,Female,188.204.87.225
208,"Mahalia Besnardeau",mbesnardeau5r@independent.co.uk,Female,67.79.246.135
209,"Flossy McIlvaney",fmcilvaney5s@google.cn,Female,61.207.161.50
210,"Rudd Stobbes",rstobbes5t@imgur.com,Male,247.62.157.15
211,"Montague Mangon",mmangon5u@ifeng.com,Male,125.24.215.19
212,"Tybie Libermore",tlibermore5v@va.gov,Female,247.115.146.252
213,"Gerri Braam",gbraam5w@webmd.com,Male,218.86.132.42
214,"Sindee Charlewood",scharlewood5x@php.net,Female,17.111.54.166
215,"Lacy Cockshott",lcockshott5y@techcrunch.com,Polygender,228.85.12.131
216,"Cammy Neames",cneames5z@loc.gov,Genderfluid,24.191.62.12
217,"Danette Cranton",dcranton60@jiathis.com,Female,112.196.222.164
218,"Marianna Hubbold",mhubbold61@taobao.com,Female,119.229.68.81
219,"Clerissa Jakeman",cjakeman62@yahoo.co.jp,Female,185.230.212.99
220,"Hebert Beig",hbeig63@unesco.org,Male,209.50.90.243
221,"Amory Vigietti",avigietti64@army.mil,Male,32.67.72.221
222,"Dorothy Kingsly",dkingsly65@irs.gov,Female,130.126.87.157
223,"Bowie Fairham",bfairham66@cocolog-nifty.com,Male,109.142.170.99
224,"Klaus Yakebowitch",kyakebowitch67@nba.com,Male,199.131.120.34
225,"Jeralee Alstead",jalstead68@a8.net,Bigender,199.19.216.133
226,"Jennilee Pennycock",jpennycock69@blogtalkradio.com,Female,46.124.181.76
227,"Jesse Pilch",jpilch6a@cyberchimps.com,Male,244.57.79.234
228,"Midge Moreton",mmoreton6b@list-manage.com,Female,124.16.122.126
229,"Lorant Churcher",lchurcher6c@nature.com,Male,75.31.37.159
230,"Obed Garrity",ogarrity6d@netvibes.com,Male,197.28.74.85
231,"Brandon Gofforth",bgofforth6e@squidoo.com,Male,128.43.16.2
232,"Clyve Asson",casson6f@sina.com.cn,Male,254.235.216.48
233,"Trudy Henriet",thenriet6g@noaa.gov,Female,253.189.175.172
234,"Drew Hinchshaw",dhinchshaw6h@skype.com,Male,92.76.134.64
235,"Alphonse Revening",arevening6i@eepurl.com,Male,146.1.149.120
236,"Chrissie Salmon",csalmon6j@live.com,Male,14.224.123.62
237,"Heall Discombe",hdiscombe6k@delicious.com,Male,1.41.211.241
238,"Niccolo Baelde",nbaelde6l@friendfeed.com,Male,247.10.153.169
239,"Courtenay Buttler",cbuttler6m@cnet.com,Female,15.206.251.20
240,"Eleanora Juan",ejuan6n@quantcast.com,Female,230.111.91.166
241,"Reinald Fowell",rfowell6o@com.com,Genderfluid,129.198.168.51
242,"Vikky Baldrick",vbaldrick6p@sogou.com,Female,181.211.70.152
243,"Nita Piotrowski",npiotrowski6q@illinois.edu,Female,245.29.206.91
244,"Ralph Noriega",rnoriega6r@joomla.org,Male,215.75.134.96
245,"Kaitlin Tevlin",ktevlin6s@shinystat.com,Female,6.89.180.38
246,"Arlette Pikhno",apikhno6t@tuttocitta.it,Female,155.37.81.5
247,"Robena Hallt",rhallt6u@merriam-webster.com,Female,5.140.93.125
248,"Johanna Stonhard",jstonhard6v@oaic.gov.au,Female,118.239.72.65
249,"Zeb Longhurst",zlonghurst6w@timesonline.co.uk,Male,211.113.4.4
250,"Siegfried Woolerton",swoolerton6x@google.es,Genderqueer,105.41.142.127
251,"Ruprecht Woodhouse",rwoodhouse6y@nytimes.com,Male,225.175.246.147
252,"Dory Doohey",ddoohey6z@imdb.com,Male,31.136.190.54
253,"Bearnard Joint",bjoint70@google.cn,Bigender,43.77.216.236
254,"Cinda Tallet",ctallet71@businessinsider.com,Female,170.111.248.244
255,"Muhammad Aglione",maglione72@sciencedirect.com,Genderfluid,185.134.196.40
256,"Betty Glentworth",bglentworth73@buzzfeed.com,Female,229.227.69.137
257,"Gilberto Stourton",gstourton74@aol.com,Male,225.53.123.11
258,"Nanine Isaac",nisaac75@google.cn,Female,202.82.47.254
259,"Krystyna Gossipin",kgossipin76@reference.com,Female,110.126.249.231
260,"Trista Farington",tfarington77@census.gov,Female,182.39.138.151
261,"Marylee Swainger",mswainger78@blogspot.com,Female,210.22.15.168
262,"Phedra Bolesma",pbolesma79@typepad.com,Female,73.108.153.105
263,"Mirilla Gaven",mgaven7a@amazon.co.uk,Female,74.40.134.209
264,"Cammy McComas",cmccomas7b@google.com.hk,Female,78.129.43.238
265,"Lotta Kemble",lkemble7c@w3.org,Female,37.105.34.62
266,"Marty Hickisson",mhickisson7d@google.co.uk,Male,136.241.182.231
267,"Giulio Rickson",grickson7e@technorati.com,Male,195.149.185.219
268,"Anstice Grasser",agrasser7f@gizmodo.com,Female,251.71.131.125
269,"Diannne McQuin",dmcquin7g@google.com.au,Female,222.50.80.100
270,"Romeo Matuszyk",rmatuszyk7h@imdb.com,Male,168.142.111.182
271,"Collette Clampett",cclampett7i@cnn.com,Female,107.26.137.81
272,"Frederico Bentz",fbentz7j@walmart.com,Male,137.144.205.101
273,"Brittani Thomazin",bthomazin7k@ibm.com,Female,189.56.210.220
274,"Ezri Pavolillo",epavolillo7l@hubpages.com,Male,218.165.17.79
275,"Finlay Sieghart",fsieghart7m@alexa.com,Male,36.227.192.38
276,"Derick Surmon",dsurmon7n@google.com.au,Male,88.168.119.155
277,"Jasmin Lewnden",jlewnden7o@ask.com,Female,173.29.33.98
278,"Allan Vel",avel7p@usa.gov,Male,107.133.3.103
279,"Lolly Robelin",lrobelin7q@themeforest.net,Female,62.15.53.9
280,"Joaquin Chevers",jchevers7r@sina.com.cn,Male,55.84.132.77
281,"Constantin Cicerone",ccicerone7s@usa.gov,Agender,58.206.45.62
282,"Ninetta Keri",nkeri7t@shinystat.com,Female,31.172.126.193
283,"Claude Klaaassen",cklaaassen7u@geocities.com,Female,78.126.242.79
284,"Jermain Eric",jeric7v@ox.ac.uk,Male,94.163.100.2
285,"Katina Rysom",krysom7w@jugem.jp,Female,177.17.230.104
286,"Francisca Andriolli",fandriolli7x@google.es,Genderfluid,8.42.169.25
287,"Carlin Grigorio",cgrigorio7y@ezinearticles.com,Male,163.28.184.147
288,"Danny Gadault",dgadault7z@dell.com,Male,160.117.243.118
289,"Briano Rubinchik",brubinchik80@hugedomains.com,Bigender,107.248.248.30
290,"Jerrilee Ockland",jockland81@webs.com,Female,102.106.134.3
291,"Ring Moorfield",rmoorfield82@zimbio.com,Male,210.56.223.233
292,"Carling Meckiff",cmeckiff83@wikispaces.com,Male,133.190.28.227
293,"Denver Healeas",dhealeas84@comcast.net,Male,34.202.89.23
294,"Alyss Deluce",adeluce85@angelfire.com,Female,34.86.168.122
295,"Duffie Daudray",ddaudray86@quantcast.com,Male,114.58.82.27
296,"Gerry Colleck",gcolleck87@stumbleupon.com,Male,71.45.84.181
297,"Harlin Sails",hsails88@ibm.com,Male,229.5.126.224
298,"Marlo Abbe",mabbe89@reddit.com,Male,143.136.157.231
299,"York Redsell",yredsell8a@odnoklassniki.ru,Male,11.48.130.120
300,"Stanleigh Trueman",strueman8b@odnoklassniki.ru,Male,110.182.38.135
301,"Fair Clarricoates",fclarricoates8c@flavors.me,Male,228.146.184.92
302,"Jessey Ickowics",jickowics8d@wunderground.com,Male,223.177.141.19
303,"Fionna Antonio",fantonio8e@google.com.hk,Female,159.125.187.138
304,"Wade Fulford",wfulford8f@phoca.cz,Male,170.75.245.3
305,"Phoebe Annon",pannon8g@t.co,Female,149.186.189.16
306,"Paige Frane",pfrane8h@intel.com,Female,76.66.191.167
307,"Willetta Poley",wpoley8i@hibu.com,Bigender,112.53.9.164
308,"Giavani Nitto",gnitto8j@infoseek.co.jp,Male,224.147.179.37
309,"Flory Chafer",fchafer8k@youtu.be,Polygender,93.235.243.253
310,"Sayre Turbard",sturbard8l@admin.ch,Female,33.127.5.39
311,"Laurette Baylay",lbaylay8m@livejournal.com,Female,147.213.96.114
312,"Karen McClements",kmcclements8n@admin.ch,Female,125.115.34.178
313,"Diarmid Quainton",dquainton8o@upenn.edu,Male,16.89.74.158
314,"Evin Hunnybun",ehunnybun8p@odnoklassniki.ru,Male,110.34.213.191
315,"Pyotr Caught",pcaught8q@stanford.edu,Male,1.117.247.78
316,"Melania Silverston",msilverston8r@tamu.edu,Female,197.191.2.120
317,"Barth Vasnetsov",bvasnetsov8s@narod.ru,Male,207.21.49.131
318,"Legra Jeaffreson",ljeaffreson8t@businessinsider.com,Polygender,190.250.108.8
319,"Corbet Broadhead",cbroadhead8u@over-blog.com,Male,87.10.239.115
320,"Odille D'Emanuele",odemanuele8v@usnews.com,Female,98.119.203.30
321,"Goldarina Matcham",gmatcham8w@uol.com.br,Female,95.18.112.84
322,"Lalo Imlen",limlen8x@jiathis.com,Genderfluid,223.176.1.155
323,"Sarah Lasselle",slasselle8y@buzzfeed.com,Female,22.71.151.56
324,"Aeriela Liversedge",aliversedge8z@wired.com,Female,80.86.111.49
325,"Rozina Towers",rtowers90@gov.uk,Genderqueer,61.140.197.93
326,"Lorita Coyne",lcoyne91@phpbb.com,Female,216.92.36.147
327,"Maxine Andreaccio",mandreaccio92@newyorker.com,Female,232.88.218.214
328,"Lyman Gayther",lgayther93@stanford.edu,Male,113.46.239.51
329,"Keen Birtwisle",kbirtwisle94@hao123.com,Male,214.22.96.233
330,"Nappy Godfroy",ngodfroy95@imgur.com,Male,222.197.9.248
331,"Natalee Strang",nstrang96@psu.edu,Genderqueer,108.90.204.3
332,"Gillie McBrearty",gmcbrearty97@newsvine.com,Female,170.158.194.30
333,"Red Pendrich",rpendrich98@vinaora.com,Male,42.154.166.110
334,"Willa Cullen",wcullen99@jigsy.com,Non-binary,209.76.242.239
335,"Nedda Beert",nbeert9a@ftc.gov,Female,170.230.166.223
336,"Libbi Mocher",lmocher9b@biglobe.ne.jp,Female,31.119.187.50
337,"Lorelei Braddock",lbraddock9c@umn.edu,Female,241.251.211.118
338,"Cy Postle",cpostle9d@lycos.com,Genderfluid,116.203.206.9
339,"Eldridge Baistow",ebaistow9e@godaddy.com,Male,210.204.50.194
340,"Mora Nice",mnice9f@sciencedaily.com,Female,243.172.166.163
341,"Pepita Ewells",pewells9g@amazon.co.uk,Female,74.22.100.179
342,"Arthur de Merida",ademerida9h@elegantthemes.com,Male,138.157.131.111
343,"Lacie Hailes",lhailes9i@businessinsider.com,Female,215.25.230.102
344,"Reena Lowey",rlowey9j@weebly.com,Female,86.186.253.210
345,"Deloris Czadla",dczadla9k@cbsnews.com,Female,19.14.15.17
346,"Katalin Vase",kvase9l@qq.com,Female,90.14.48.56
347,"Beck Thomsson",bthomsson9m@indiegogo.com,Male,150.165.8.53
348,"Errick Wallhead",ewallhead9n@com.com,Male,71.57.118.113
349,"Ibby Stimson",istimson9o@ycombinator.com,Female,57.97.24.122
350,"Addy Habishaw",ahabishaw9p@mapquest.com,Female,48.138.236.95
351,"Ruperto Sprason",rsprason9q@msu.edu,Male,138.0.52.141
352,"Kaiser Ouldcott",kouldcott9r@fda.gov,Male,173.158.131.173
353,"Oberon Mathewes",omathewes9s@exblog.jp,Male,134.254.184.74
354,"Carson Reina",creina9t@theatlantic.com,Male,175.115.126.89
355,"Rafferty Spellessy",rspellessy9u@themeforest.net,Male,43.158.40.28
356,"Flory Ruben",fruben9v@fastcompany.com,Male,25.125.224.255
357,"Ara Jouhning",ajouhning9w@google.nl,Male,228.27.214.189
358,"Tucker Trobey",ttrobey9x@simplemachines.org,Male,113.86.254.136
359,"Gayelord Delwater",gdelwater9y@va.gov,Male,253.119.231.93
360,"Vale Josefsen",vjosefsen9z@boston.com,Male,175.183.76.155
361,"Tanya Castagna",tcastagnaa0@marketwatch.com,Female,53.100.61.30
362,"Horatius Bodd",hbodda1@cdbaby.com,Polygender,95.77.55.9
363,"Micaela Emburey",membureya2@opensource.org,Female,68.175.118.143
364,"Effie Brushfield",ebrushfielda3@apache.org,Female,152.255.207.187
365,"Modesta Kittles",mkittlesa4@cpanel.net,Female,90.74.5.72
366,"Gwendolen Acosta",gacostaa5@free.fr,Female,159.211.35.115
367,"Riki McVicar",rmcvicara6@msu.edu,Female,212.3.201.80
368,"Christine Leyton",cleytona7@amazon.co.jp,Female,58.225.119.75
369,"Ad Gorelli",agorellia8@usgs.gov,Male,32.196.231.248
370,"Rochella Robertsson",rrobertssona9@woothemes.com,Non-binary,211.108.104.184
371,"Celestine Hedylstone",chedylstoneaa@1688.com,Female,8.129.155.163
372,"Aurel Carmo",acarmoab@zimbio.com,Female,140.84.228.35
373,"Enrique Cuddy",ecuddyac@globo.com,Male,7.7.232.84
374,"Dallas Peidro",dpeidroad@weibo.com,Female,12.241.239.155
375,"Crissie Sirmond",csirmondae@nbcnews.com,Female,108.30.179.31
376,"Anselm Falconer-Taylor",afalconertayloraf@netvibes.com,Male,97.223.74.35
377,"Christophe Goding",cgodingag@godaddy.com,Male,199.74.51.145
378,"Wadsworth Masters",wmastersah@aol.com,Male,21.171.124.9
379,"Francis Pinsent",fpinsentai@ucla.edu,Male,216.237.15.26
380,"Anne-marie Metrick",ametrickaj@zimbio.com,Female,241.31.238.169
381,"Doralin Wyness",dwynessak@businessweek.com,Female,32.8.19.206
382,"Garrett Summergill",gsummergillal@si.edu,Male,104.227.94.37
383,"Evyn Sprulls",esprullsam@mit.edu,Male,74.134.66.242
384,"Petronella Hurrell",phurrellan@oaic.gov.au,Female,34.64.65.96
385,"Salim Muehler",smuehlerao@japanpost.jp,Male,2.5.92.0
386,"Carolus Castano",ccastanoap@microsoft.com,Male,148.59.232.79
387,"Rafe Kiwitz",rkiwitzaq@elegantthemes.com,Male,132.206.110.166
388,"Bailie Newis",bnewisar@topsy.com,Male,92.81.148.231
389,"Benedick Gruczka",bgruczkaas@slashdot.org,Male,9.25.85.205
390,"Stanford Dameisele",sdameiseleat@unesco.org,Male,83.80.21.27
391,"Noni Beswell",nbeswellau@deviantart.com,Female,205.21.206.226
392,"Anjanette O'Reilly",aoreillyav@mit.edu,Genderfluid,223.179.41.18
393,"Archambault Bagot",abagotaw@oracle.com,Male,226.204.88.179
394,"Holmes Poynser",hpoynserax@webmd.com,Male,68.236.140.142
395,"Buddy McHugh",bmchughay@scientificamerican.com,Non-binary,113.102.155.220
396,"Owen Grushin",ogrushinaz@scribd.com,Male,139.226.21.27
397,"Corrie Force",cforceb0@pinterest.com,Female,137.206.137.91
398,"Eal Kachel",ekachelb1@hao123.com,Male,109.126.152.20
399,"Hamish Evetts",hevettsb2@seesaa.net,Bigender,232.236.0.246
400,"Tate Davidovicz",tdavidoviczb3@live.com,Female,158.38.155.211
401,"Emmalee Durker",edurkerb4@hexun.com,Female,232.83.35.34
402,"Olympe Loosemore",oloosemoreb5@networksolutions.com,Female,253.3.247.130
403,"Lorinda Bukac",lbukacb6@bloglines.com,Female,59.187.74.46
404,"Thayne Shanks",tshanksb7@alibaba.com,Male,190.178.104.53
405,"Peg Hizir",phizirb8@creativecommons.org,Female,251.123.171.3
406,"Euell Cannaway",ecannawayb9@taobao.com,Male,9.252.47.232
407,"Goddart Innes",ginnesba@foxnews.com,Male,81.123.221.58
408,"Saidee Yerson",syersonbb@woothemes.com,Female,158.239.130.184
409,"Glynda Vero",gverobc@arstechnica.com,Female,159.170.33.235
410,"Brendis Yourell",byourellbd@epa.gov,Male,184.0.141.122
411,"Emlynn Skilton",eskiltonbe@oracle.com,Female,121.166.136.220
412,"Spense Eteen",seteenbf@topsy.com,Male,247.59.229.69
413,"Vinny Iveson",vivesonbg@typepad.com,Male,13.252.3.195
414,"Kellen Godwyn",kgodwynbh@cbsnews.com,Bigender,78.162.78.230
415,"Page Livezley",plivezleybi@squidoo.com,Female,217.127.16.131
416,"Correna Letterese",cletteresebj@reference.com,Female,24.53.178.227
417,"Britni Jacke",bjackebk@free.fr,Female,120.155.65.130
418,"Kylynn Gerrad",kgerradbl@globo.com,Female,235.47.138.189
419,"Junina Lys",jlysbm@phoca.cz,Genderqueer,227.185.168.89
420,"Georgiana Doyley",gdoyleybn@utexas.edu,Female,248.246.84.146
421,"Stanley Vasyutin",svasyutinbo@wordpress.org,Male,220.81.190.227
422,"Selby Montague",smontaguebp@goodreads.com,Male,153.215.119.188
423,"Liza Hulmes",lhulmesbq@edublogs.org,Female,153.173.235.122
424,"Cynthie Considine",cconsidinebr@theglobeandmail.com,Female,137.198.102.127
425,"Harrie Eva",hevabs@dmoz.org,Female,224.40.3.34
426,"Martina Gernier",mgernierbt@godaddy.com,Female,236.14.77.154
427,"Patrick Cussen",pcussenbu@guardian.co.uk,Male,188.216.127.134
428,"Orly Bonhomme",obonhommebv@blogspot.com,Female,69.28.250.149
429,"Lissy Dracksford",ldracksfordbw@behance.net,Female,70.21.1.22
430,"Hubie McCartan",hmccartanbx@paginegialle.it,Male,209.167.203.37
431,"Rikki Ledrane",rledraneby@infoseek.co.jp,Female,139.83.188.128
432,"Adi Charrette",acharrettebz@people.com.cn,Female,160.59.199.90
433,"Carlin Spellward",cspellwardc0@cyberchimps.com,Male,114.240.238.13
434,"Ernesto Allsop",eallsopc1@mashable.com,Male,0.201.1.133
435,"Garold Talks",gtalksc2@t-online.de,Male,242.175.82.219
436,"Onfroi Kohnert",okohnertc3@hubpages.com,Male,46.25.131.7
437,"Barrett Fleming",bflemingc4@jalbum.net,Male,117.114.207.196
438,"Lars Maeer",lmaeerc5@businessweek.com,Male,208.102.153.152
439,"Ole Ackeroyd",oackeroydc6@unblog.fr,Male,27.127.236.134
440,"Juline Tatton",jtattonc7@unc.edu,Female,73.10.86.76
441,"Oliviero Grodden",ogroddenc8@themeforest.net,Male,191.43.129.13
442,"Odilia Pickhaver",opickhaverc9@bigcartel.com,Female,56.98.240.30
443,"Wald Conan",wconanca@infoseek.co.jp,Male,109.105.17.233
444,"Urbanus Golden of Ireland",ugoldenofirelandcb@imgur.com,Male,48.142.171.33
445,"Sherwood Losseljong",slosseljongcc@hc360.com,Male,175.142.189.7
446,"Annadiane Ledgeway",aledgewaycd@zimbio.com,Non-binary,206.180.112.15
447,"Ario Clapp",aclappce@unc.edu,Male,140.178.196.192
448,"Vance Johnigan",vjohnigancf@instagram.com,Male,38.197.222.224
449,"Faulkner Spragg",fspraggcg@com.com,Male,155.211.74.84
450,"Silva Schober",sschoberch@umich.edu,Female,14.150.174.59
451,"Jorrie Priestland",jpriestlandci@instagram.com,Female,11.141.145.67
452,"Mari Tabbernor",mtabbernorcj@123-reg.co.uk,Female,103.101.7.40
453,"Conny Bodsworth",cbodsworthck@yellowpages.com,Female,131.127.121.1
454,"Tanitansy Foyle",tfoylecl@cdbaby.com,Female,156.31.68.229
455,"Lissa Whiterod",lwhiterodcm@wiley.com,Female,4.250.118.175
456,"Bartlet Croll",bcrollcn@eventbrite.com,Male,58.78.211.204
457,"Jeffry De Domenici",jdedomenicico@cyberchimps.com,Male,132.83.169.196
458,"Flossy Ackred",fackredcp@squidoo.com,Female,37.155.38.183
459,"Weidar Mewha",wmewhacq@redcross.org,Male,27.143.166.27
460,"Rosemarie Maseres",rmaserescr@t.co,Female,0.155.3.29
461,"Saidee Blasetti",sblasettics@nps.gov,Female,91.62.249.207
462,"Brand Aylesbury",baylesburyct@ftc.gov,Male,5.140.222.180
463,"Reamonn Enrigo",renrigocu@a8.net,Male,236.38.22.250
464,"Odell Calafate",ocalafatecv@dell.com,Male,105.174.81.12
465,"Frieda Dommett",fdommettcw@livejournal.com,Female,42.141.68.152
466,"Gardner Bartalot",gbartalotcx@si.edu,Male,14.245.223.150
467,"Rois Bamblett",rbamblettcy@purevolume.com,Female,216.129.5.56
468,"Tine Katz",tkatzcz@ted.com,Female,195.122.184.53
469,"Edd Haffard",ehaffardd0@illinois.edu,Male,45.85.130.130
470,"Simon Robertis",srobertisd1@unblog.fr,Male,130.45.182.105
471,"Rhody Lissimore",rlissimored2@uol.com.br,Female,99.96.79.93
472,"Lin Silby",lsilbyd3@hp.com,Male,250.180.109.207
473,"Maurizia Josefovic",mjosefovicd4@microsoft.com,Female,85.10.210.208
474,"Ulberto Onyon",uonyond5@drupal.org,Male,32.110.37.36
475,"Roseanne Barniss",rbarnissd6@networksolutions.com,Female,193.175.158.29
476,"Dillon Scurrell",dscurrelld7@nymag.com,Male,87.178.40.34
477,"Kit Gyngell",kgyngelld8@irs.gov,Female,159.232.214.220
478,"Ursulina McLoney",umcloneyd9@virginia.edu,Genderqueer,148.50.49.27
479,"Normy Betchley",nbetchleyda@bandcamp.com,Agender,133.126.17.20
480,"Delainey Bomfield",dbomfielddb@mlb.com,Male,117.157.221.60
481,"Idette Somerton",isomertondc@ft.com,Female,112.110.173.85
482,"Efren Scotter",escotterdd@phoca.cz,Male,39.151.246.97
483,"Cleopatra Kingsworth",ckingsworthde@netlog.com,Female,138.166.82.126
484,"Batholomew Albion",balbiondf@hugedomains.com,Male,68.114.146.126
485,"Merci Marklin",mmarklindg@aboutads.info,Non-binary,79.28.206.206
486,"Jessey Jolland",jjollanddh@tumblr.com,Male,248.220.95.184
487,"Cherise Durdy",cdurdydi@wp.com,Female,38.4.11.254
488,"Osgood Gansbuhler",ogansbuhlerdj@arizona.edu,Male,3.212.53.85
489,"Karl Lassetter",klassetterdk@usgs.gov,Male,19.238.61.75
490,"Shandie Collecott",scollecottdl@mit.edu,Female,8.87.243.51
491,"Derrik Klehn",dklehndm@npr.org,Genderqueer,179.128.214.121
492,"Nanon Fleet",nfleetdn@mozilla.org,Female,219.179.165.71
493,"Ulrikaumeko Wayte",uwaytedo@boston.com,Female,22.9.130.29
494,"Goddard Locke",glockedp@purevolume.com,Male,187.247.152.193
495,"Annmarie Dailey",adaileydq@un.org,Female,244.169.145.121
496,"Timothee Pettigree",tpettigreedr@ted.com,Male,131.138.135.112
497,"Shannon Sinnat",ssinnatds@rediff.com,Male,23.236.223.243
498,"Alasteir Khilkov",akhilkovdt@exblog.jp,Male,223.62.8.141
499,"Normand Jachimak",njachimakdu@hp.com,Male,105.105.176.219
500,"Stormie Glidden",sgliddendv@liveinternet.ru,Female,95.203.74.181
501,"Kent Hague",khaguedw@census.gov,Male,121.237.16.60
502,"Brent Maykin",bmaykindx@netlog.com,Male,85.129.225.221
503,"Charles Bonome",cbonomedy@yelp.com,Male,70.6.91.7
504,"Tatiana Manna",tmannadz@soup.io,Female,184.63.126.255
505,"Anallise Gilloran",agillorane0@geocities.com,Female,108.21.249.16
506,"Marielle Beldum",mbeldume1@irs.gov,Female,26.140.225.199
507,"Chrissie Bernat",cbernate2@pbs.org,Female,95.18.106.242
508,"Roderick Tupie",rtupiee3@adobe.com,Male,208.87.230.189
509,"Pedro Forsbey",pforsbeye4@macromedia.com,Male,96.112.225.17
510,"Burg Hearons",bhearonse5@shareasale.com,Male,59.54.242.85
511,"Steven Schult",sschulte6@sitemeter.com,Male,122.52.100.85
512,"Felicity Huffa",fhuffae7@photobucket.com,Polygender,255.172.45.15
513,"Thorsten Rumbellow",trumbellowe8@tmall.com,Male,227.4.182.1
514,"Desmond Assel",dassele9@cam.ac.uk,Male,239.29.185.246
515,"Trevar Youthead",tyoutheadea@ucoz.ru,Male,154.175.142.185
516,"Orin Lockyear",olockyeareb@yellowbook.com,Male,221.35.45.40
517,"Maynord Boxhill",mboxhillec@ucoz.ru,Genderqueer,3.116.108.118
518,"Hilarius Geggus",hgeggused@macromedia.com,Male,42.236.169.125
519,"Pietrek Mound",pmoundee@wired.com,Male,105.15.81.127
520,"Carlin Petherick",cpetherickef@t.co,Female,183.37.209.144
521,"Joeann Levin",jlevineg@ameblo.jp,Female,150.48.121.215
522,"Woody Mertin",wmertineh@latimes.com,Male,159.14.149.85
523,"Rosalia Deluze",rdeluzeei@nhs.uk,Female,255.47.39.146
524,"Carmina Lamputt",clamputtej@nps.gov,Female,121.210.233.72
525,"Caron Wethey",cwetheyek@google.com.br,Female,138.240.168.93
526,"Harley Faulconbridge",hfaulconbridgeel@blogger.com,Genderfluid,54.193.206.40
527,"Mirilla Boord",mboordem@squidoo.com,Female,213.255.182.123
528,"Miof mela Quinell",mquinellen@nydailynews.com,Female,15.149.124.38
529,"Richy Simo",rsimoeo@tmall.com,Male,166.190.194.73
530,"Sherwynd Flowitt",sflowittep@npr.org,Male,93.224.238.86
531,"Hewe O'Hanley",hohanleyeq@yolasite.com,Bigender,231.20.63.76
532,"Hakim Deesly",hdeeslyer@pen.io,Male,43.146.189.212
533,"Idaline Brannigan",ibranniganes@nhs.uk,Female,110.96.230.205
534,"Gui Cattle",gcattleet@google.es,Female,251.149.44.114
535,"Neddy Northern",nnortherneu@freewebs.com,Male,158.19.149.182
536,"Rickey Cortes",rcortesev@marketwatch.com,Male,126.124.42.36
537,"Thurston Woodlands",twoodlandsew@de.vu,Male,188.52.144.65
538,"George Veart",gveartex@usnews.com,Female,132.254.15.228
539,"Heddi Bonellie",hbonellieey@php.net,Female,67.28.155.30
540,"Murry Sawley",msawleyez@youtube.com,Male,215.128.123.41
541,"Elden Troake",etroakef0@typepad.com,Male,48.87.59.122
542,"Frederica Rosgen",frosgenf1@sina.com.cn,Female,47.161.49.229
543,"Bellanca Yakushkev",byakushkevf2@clickbank.net,Female,113.242.149.202
544,"Marion Atrill",matrillf3@nsw.gov.au,Male,33.8.64.145
545,"Aindrea Kapelhof",akapelhoff4@omniture.com,Female,43.3.123.103
546,"Alyosha Barten",abartenf5@spotify.com,Male,77.112.150.190
547,"Val Sunock",vsunockf6@edublogs.org,Male,174.84.101.204
548,"Kim Dreghorn",kdreghornf7@nbcnews.com,Male,151.93.230.119
549,"Alasdair Tommen",atommenf8@omniture.com,Male,118.195.118.137
550,"Antoinette Davidovicz",adavidoviczf9@unblog.fr,Female,17.224.45.85
551,"Itch Yanyshev",iyanyshevfa@indiegogo.com,Male,2.41.83.156
552,"Keir Warman",kwarmanfb@gmpg.org,Male,216.240.238.113
553,"Jarrod Clarke",jclarkefc@wiley.com,Male,107.24.82.98
554,"Ted Poetz",tpoetzfd@fotki.com,Male,35.155.40.97
555,"Neda Assel",nasselfe@prlog.org,Female,127.17.250.168
556,"Bryce Draysay",bdraysayff@slashdot.org,Male,45.235.211.159
557,"Layton Killoran",lkilloranfg@gravatar.com,Male,171.188.204.253
558,"Valentia Pettingall",vpettingallfh@ocn.ne.jp,Female,30.11.135.92
559,"Sib Traynor",straynorfi@wikispaces.com,Female,176.191.180.32
560,"Patience Auld",pauldfj@cam.ac.uk,Female,28.21.79.30
561,"Fabio Mahaffey",fmahaffeyfk@jugem.jp,Male,37.6.40.175
562,"Mychal Tottem",mtottemfl@livejournal.com,Male,226.136.209.241
563,"Ritchie Mander",rmanderfm@yelp.com,Male,168.255.200.38
564,"Viv Bracchi",vbracchifn@tumblr.com,Female,34.56.111.194
565,"Merwyn Pack",mpackfo@reference.com,Male,49.173.37.203
566,"Melodee Olwen",molwenfp@yale.edu,Female,196.52.124.174
567,"Nefen Leber",nleberfq@typepad.com,Male,198.66.47.144
568,"Beatriz Tracy",btracyfr@cbsnews.com,Agender,170.188.190.47
569,"Manfred Kelleway",mkellewayfs@examiner.com,Male,49.53.165.37
570,"Rebeka Albrook",ralbrookft@netscape.com,Female,254.43.202.240
571,"Kienan Broomhall",kbroomhallfu@nsw.gov.au,Male,241.239.241.226
572,"Waldemar Beddoe",wbeddoefv@over-blog.com,Non-binary,214.56.53.70
573,"Kevyn Tincknell",ktincknellfw@csmonitor.com,Female,137.46.56.136
574,"Bentley Drakeford",bdrakefordfx@jalbum.net,Male,202.165.5.223
575,"Ben Blanking",bblankingfy@flavors.me,Male,49.80.157.123
576,"Luelle Birkhead",lbirkheadfz@foxnews.com,Female,84.116.189.123
577,"Barnard Bygott",bbygottg0@bigcartel.com,Male,179.208.5.7
578,"Papagena Goodburn",pgoodburng1@sun.com,Female,31.137.91.48
579,"Cynde Duferie",cduferieg2@desdev.cn,Female,248.180.184.57
580,"Joya Stitt",jstittg3@apache.org,Bigender,16.178.102.9
581,"Rossy Manger",rmangerg4@reference.com,Male,92.223.17.86
582,"Cammy Baradel",cbaradelg5@msn.com,Female,2.142.252.43
583,"Luciano Adamoli",ladamolig6@goodreads.com,Male,186.176.78.229
584,"Etty MacCroary",emaccroaryg7@irs.gov,Female,123.248.124.227
585,"Genevra Jozefiak",gjozefiakg8@blogspot.com,Genderqueer,127.17.198.67
586,"Johnny Woodison",jwoodisong9@weather.com,Male,99.97.50.216
587,"Opaline Forlong",oforlongga@answers.com,Female,231.111.253.86
588,"Herc Blazdell",hblazdellgb@hp.com,Male,162.197.94.159
589,"Annabela Thorington",athoringtongc@craigslist.org,Female,18.244.182.165
590,"Renaud Goodyer",rgoodyergd@loc.gov,Male,129.135.58.216
591,"Kalindi Neising",kneisingge@nyu.edu,Female,44.171.104.38
592,"Felecia Metzig",fmetziggf@mapquest.com,Female,220.164.117.147
593,"Tiler Deards",tdeardsgg@bigcartel.com,Male,83.124.231.111
594,"Marilee Drews",mdrewsgh@1688.com,Female,206.69.94.19
595,"Sandro Charlson",scharlsongi@goo.ne.jp,Male,172.111.4.97
596,"Meier Bootland",mbootlandgj@europa.eu,Male,152.146.71.55
597,"Onofredo Woollaston",owoollastongk@multiply.com,Non-binary,157.1.126.178
598,"Shelby Ruppeli",sruppeligl@youtu.be,Male,166.132.1.217
599,"Harwell Maylor",hmaylorgm@jiathis.com,Male,74.192.215.12
600,"Brandais Sawyer",bsawyergn@guardian.co.uk,Female,68.182.128.143
601,"Phylis Bradford",pbradfordgo@cocolog-nifty.com,Female,235.59.114.141
602,"Parrnell Deetlof",pdeetlofgp@constantcontact.com,Polygender,81.12.139.69
603,"Una Behne",ubehnegq@prlog.org,Female,72.96.226.86
604,"Hazlett Stempe",hstempegr@delicious.com,Male,158.183.251.52
605,"Northrup Tonepohl",ntonepohlgs@skype.com,Male,171.53.188.112
606,"Sandor Thulborn",sthulborngt@google.com,Male,147.219.38.2
607,"Gillian Syseland",gsyselandgu@weibo.com,Female,202.131.112.168
608,"Dewie Scrimshaw",dscrimshawgv@china.com.cn,Male,92.65.11.164
609,"Cindie Fritchly",cfritchlygw@jalbum.net,Female,166.197.243.158
610,"Virgie Kirton",vkirtongx@smugmug.com,Male,36.230.147.60
611,"Wainwright Iacovolo",wiacovology@unc.edu,Genderfluid,91.56.193.129
612,"Ynes Hatt",yhattgz@cbslocal.com,Bigender,7.40.37.231
613,"Mariel Gorch",mgorchh0@angelfire.com,Female,78.178.128.49
614,"Jeanne Iacobetto",jiacobettoh1@vimeo.com,Female,165.0.201.198
615,"Graig Suston",gsustonh2@foxnews.com,Male,251.15.115.134
616,"Sidney Yvens",syvensh3@skype.com,Male,56.25.252.20
617,"Konstance Thing",kthingh4@paginegialle.it,Female,157.50.37.10
618,"Nicolette Caffin",ncaffinh5@ow.ly,Female,119.91.65.25
619,"Fitzgerald Riccardelli",friccardellih6@goo.gl,Male,34.62.53.90
620,"Conn Ellissen",cellissenh7@opera.com,Male,70.8.134.70
621,"Lizzy MacTrustrie",lmactrustrieh8@wisc.edu,Genderfluid,89.56.210.28
622,"Othilia Frarey",ofrareyh9@scribd.com,Female,99.240.197.17
623,"Avrom Wontner",awontnerha@pbs.org,Male,53.99.58.13
624,"Justinian Sewards",jsewardshb@biglobe.ne.jp,Male,182.113.88.18
625,"Dill Ligoe",dligoehc@skyrock.com,Male,70.244.9.231
626,"Xavier Founds",xfoundshd@joomla.org,Male,48.109.60.221
627,"Gertrud Burgoin",gburgoinhe@joomla.org,Female,248.254.240.90
628,"Antonino Beggio",abeggiohf@soup.io,Male,222.220.9.54
629,"Lethia Qualtrough",lqualtroughhg@nps.gov,Female,252.78.193.138
630,"Thorpe Heddy",theddyhh@marketwatch.com,Male,116.251.35.31
631,"Vere Lauridsen",vlauridsenhi@npr.org,Female,79.90.60.56
632,"Cristy Mayo",cmayohj@woothemes.com,Female,212.166.72.48
633,"Isobel Gioan",igioanhk@sbwire.com,Female,114.234.118.72
634,"Egon Hemmingway",ehemmingwayhl@toplist.cz,Male,23.164.184.83
635,"Rourke Tolussi",rtolussihm@latimes.com,Male,254.0.124.126
636,"Robby Scholtz",rscholtzhn@youku.com,Female,139.122.219.159
637,"Nixie Caley",ncaleyho@harvard.edu,Female,157.71.205.160
638,"Thain Thoresbie",tthoresbiehp@narod.ru,Male,25.84.175.126
639,"Adrianne Marmon",amarmonhq@nsw.gov.au,Female,230.52.159.44
640,"Erma Royden",eroydenhr@canalblog.com,Polygender,254.163.145.162
641,"Baxter Wathan",bwathanhs@dion.ne.jp,Male,185.113.216.39
642,"Catriona Wardingly",cwardinglyht@fastcompany.com,Female,187.234.192.203
643,"Melodee Heinsen",mheinsenhu@boston.com,Female,151.15.111.214
644,"Zerk Sangster",zsangsterhv@seattletimes.com,Male,75.178.229.181
645,"Zoe Nettles",znettleshw@tripod.com,Female,173.251.100.255
646,"Terrell Duffett",tduffetthx@chicagotribune.com,Male,84.225.89.145
647,"Veradis Janiszewski",vjaniszewskihy@webnode.com,Female,10.141.40.68
648,"Viv Pownall",vpownallhz@angelfire.com,Female,180.200.14.211
649,"Davis Treven",dtreveni0@ibm.com,Male,104.164.150.163
650,"Loree Klaesson",lklaessoni1@wikispaces.com,Female,128.58.207.92
651,"Tuckie Ladd",tladdi2@mac.com,Male,93.132.242.126
652,"Kenneth Colegate",kcolegatei3@unblog.fr,Agender,67.6.125.230
653,"Cordell Rudeyeard",crudeyeardi4@barnesandnoble.com,Male,253.113.80.101
654,"Pate Hargreves",phargrevesi5@ox.ac.uk,Male,216.241.69.67
655,"Felipe Hayen",fhayeni6@craigslist.org,Male,20.193.41.250
656,"Doralin Nasi",dnasii7@elegantthemes.com,Female,206.86.111.125
657,"Zebulon Gisby",zgisbyi8@discovery.com,Male,226.107.71.166
658,"Maurizio Caffery",mcafferyi9@slideshare.net,Male,134.36.204.26
659,"Coleen Petrovic",cpetrovicia@baidu.com,Female,80.170.169.184
660,"Alvie Rudinger",arudingerib@ycombinator.com,Male,255.137.65.143
661,"Gabrila Ketchell",gketchellic@clickbank.net,Female,195.144.198.215
662,"Gilli Gooms",ggoomsid@craigslist.org,Female,12.24.228.2
663,"Enrica Phuprate",ephuprateie@zdnet.com,Female,43.130.182.200
664,"Sky Gostage",sgostageif@noaa.gov,Male,25.102.79.253
665,"Hy Freed",hfreedig@geocities.jp,Male,67.102.249.149
666,"Cassandra Schmuhl",cschmuhlih@washingtonpost.com,Polygender,75.185.3.122
667,"Johnnie Bottinelli",jbottinelliii@usnews.com,Male,30.132.11.66
668,"Tibold Claricoates",tclaricoatesij@craigslist.org,Male,234.5.190.117
669,"Sammie Dispencer",sdispencerik@xinhuanet.com,Male,248.114.171.9
670,"Anne-corinne Salerno",asalernoil@usatoday.com,Female,214.1.252.130
671,"Burke Clemmensen",bclemmensenim@booking.com,Male,146.197.150.94
672,"Jeremias Maestro",jmaestroin@wp.com,Male,158.233.175.218
673,"Candide Rea",creaio@nih.gov,Female,20.199.179.183
674,"Caron Arkle",carkleip@printfriendly.com,Female,166.116.204.175
675,"Durward Kerrane",dkerraneiq@canalblog.com,Male,132.67.76.104
676,"Borden Pooley",bpooleyir@admin.ch,Male,160.18.114.139
677,"Rurik Sedgeman",rsedgemanis@stumbleupon.com,Male,41.12.76.102
678,"Cozmo Boyen",cboyenit@unblog.fr,Male,23.94.214.184
679,"Corbin Ogdahl",cogdahliu@bbc.co.uk,Male,203.235.129.115
680,"Saloma L'Hommeau",slhommeauiv@sina.com.cn,Female,93.229.80.253
681,"Raf Ollivierre",rollivierreiw@gizmodo.com,Female,212.11.253.56
682,"Frayda Gatus",fgatusix@foxnews.com,Female,12.107.166.83
683,"Lavinie Tiffney",ltiffneyiy@yellowbook.com,Female,168.192.45.252
684,"Neel Greenwood",ngreenwoodiz@hhs.gov,Male,44.137.73.17
685,"Scotti Krout",skroutj0@baidu.com,Male,147.99.70.33
686,"Jonathan Efford",jeffordj1@csmonitor.com,Non-binary,19.152.69.237
687,"Stewart Sines",ssinesj2@bloomberg.com,Male,61.91.215.234
688,"Zuzana Caunt",zcauntj3@themeforest.net,Female,125.154.137.199
689,"Monique Amberson",mambersonj4@ameblo.jp,Female,13.237.118.209
690,"Cyndy Backler",cbacklerj5@unicef.org,Female,9.51.181.52
691,"Luisa Cornford",lcornfordj6@pinterest.com,Female,136.134.126.74
692,"Carilyn Lewisham",clewishamj7@hp.com,Female,123.34.222.94
693,"Dorotea Gartin",dgartinj8@live.com,Female,154.109.160.226
694,"Dulciana Pafford",dpaffordj9@qq.com,Female,103.148.210.114
695,"Ole Wichard",owichardja@flickr.com,Male,119.143.42.107
696,"Doe Tuley",dtuleyjb@cornell.edu,Female,40.229.110.65
697,"Arlene Cunrado",acunradojc@nationalgeographic.com,Female,159.14.222.105
698,"Gladi Morforth",gmorforthjd@cdbaby.com,Female,251.152.239.193
699,"Allyson Edel",aedelje@chicagotribune.com,Female,135.211.205.110
700,"Jaquelyn Moxom",jmoxomjf@nytimes.com,Female,41.47.121.78
701,"Dani Childerhouse",dchilderhousejg@aboutads.info,Male,53.54.71.164
702,"Derril Boustead",dbousteadjh@state.gov,Male,42.222.56.116
703,"Maurie Cristofalo",mcristofaloji@hp.com,Male,148.80.27.50
704,"Ainsley Kline",aklinejj@rediff.com,Genderqueer,158.138.60.169
705,"Rinaldo Badby",rbadbyjk@smugmug.com,Male,232.212.223.139
706,"Burton Caswill",bcaswilljl@statcounter.com,Male,0.39.74.149
707,"Cornell Patient",cpatientjm@bloglines.com,Male,219.96.152.39
708,"Myranda Orgel",morgeljn@simplemachines.org,Female,221.41.229.158
709,"Ty Issard",tissardjo@webs.com,Male,220.85.242.129
710,"Jen Ranger",jrangerjp@joomla.org,Female,128.81.202.239
711,"Trace Taylorson",ttaylorsonjq@123-reg.co.uk,Male,146.106.225.106
712,"Ramsay Catcheside",rcatchesidejr@gmpg.org,Male,41.86.113.9
713,"Ansley Lamden",alamdenjs@scribd.com,Female,230.139.181.85
714,"Gard Faragher",gfaragherjt@unicef.org,Male,57.230.226.66
715,"Birk Grason",bgrasonju@amazon.com,Male,47.100.236.161
716,"Kippar Fallowfield",kfallowfieldjv@engadget.com,Male,51.227.93.33
717,"Valentin Puckey",vpuckeyjw@telegraph.co.uk,Male,218.40.18.178
718,"Ebony Balharrie",ebalharriejx@acquirethisname.com,Female,218.239.144.140
719,"Costanza Dreier",cdreierjy@4shared.com,Female,125.42.147.181
720,"Melosa Baert",mbaertjz@earthlink.net,Female,211.144.132.171
721,"Bertie McGarvey",bmcgarveyk0@auda.org.au,Female,33.220.116.8
722,"Tad Pattesall",tpattesallk1@dedecms.com,Male,191.58.246.177
723,"Lannie Wardingley",lwardingleyk2@imdb.com,Male,225.31.17.233
724,"Noell Ravenhill",nravenhillk3@alexa.com,Female,10.175.28.41
725,"Ivan Cullagh",icullaghk4@paypal.com,Male,76.8.218.13
726,"Newton Woolerton",nwoolertonk5@hubpages.com,Genderqueer,144.123.110.206
727,"Galina Jaquiss",gjaquissk6@1688.com,Female,204.156.219.231
728,"Nickey Abrahamowitcz",nabrahamowitczk7@amazon.co.uk,Male,241.125.211.221
729,"Burtie Jessup",bjessupk8@tinypic.com,Male,131.115.5.57
730,"Courtney Spybey",cspybeyk9@pbs.org,Female,182.201.208.53
731,"Hort Bierton",hbiertonka@indiegogo.com,Male,169.204.40.211
732,"Mick Kaley",mkaleykb@feedburner.com,Male,33.241.29.124
733,"Ellis Ucceli",euccelikc@yahoo.com,Male,130.59.229.82
734,"Sibylle Jozefiak",sjozefiakkd@php.net,Female,135.115.12.135
735,"Annabel Ricardot",aricardotke@usgs.gov,Female,52.191.35.5
736,"Kylie Oyley",koyleykf@pinterest.com,Female,235.153.233.109
737,"Reid Cradey",rcradeykg@pagesperso-orange.fr,Male,251.13.77.134
738,"Trev Wigfield",twigfieldkh@purevolume.com,Male,252.140.12.110
739,"Georgena Lowman",glowmanki@com.com,Female,137.187.241.1
740,"Rolland Lyon",rlyonkj@adobe.com,Male,220.121.210.23
741,"Lelah Carlens",lcarlenskk@w3.org,Female,6.204.155.187
742,"Thorndike Derle",tderlekl@bing.com,Male,126.13.209.74
743,"Jerald Jurgenson",jjurgensonkm@vistaprint.com,Male,23.63.211.164
744,"Denney Triggle",dtrigglekn@joomla.org,Male,176.235.215.165
745,"Lynette Ramsay",lramsayko@ted.com,Female,146.89.110.186
746,"Cozmo Schuster",cschusterkp@google.co.jp,Male,161.189.209.164
747,"Irene Cowup",icowupkq@google.com.au,Female,152.166.45.38
748,"Helen-elizabeth Blaxlande",hblaxlandekr@shinystat.com,Female,175.242.53.6
749,"Raynard Kuhl",rkuhlks@360.cn,Male,186.196.72.236
750,"Ara Culbard",aculbardkt@chicagotribune.com,Male,104.215.46.60
751,"Tonye Rooney",trooneyku@rakuten.co.jp,Female,117.197.236.194
752,"Betty Mc Caghan",bmccaghankv@wordpress.com,Female,114.231.91.128
753,"Townie Holywell",tholywellkw@moonfruit.com,Genderqueer,13.217.72.244
754,"Reinhold Wincer",rwincerkx@constantcontact.com,Male,54.150.56.131
755,"Hoebart Lensch",hlenschky@oakley.com,Male,75.226.90.79
756,"Jermain Prettejohns",jprettejohnskz@com.com,Male,215.89.50.157
757,"Jeffrey Mallard",jmallardl0@go.com,Male,240.89.153.19
758,"Hortense Burbudge",hburbudgel1@mapquest.com,Female,218.60.7.26
759,"Justinn Laity",jlaityl2@arstechnica.com,Female,169.131.83.179
760,"Valery Joint",vjointl3@nhs.uk,Genderqueer,104.114.106.54
761,"Hiram Budget",hbudgetl4@admin.ch,Male,22.151.112.119
762,"Savina Kingzett",skingzettl5@gmpg.org,Female,179.207.161.193
763,"Enos Cawker",ecawkerl6@wisc.edu,Male,167.225.13.252
764,"Marcel Galea",mgaleal7@quantcast.com,Male,131.33.210.15
765,"Cecil Greeson",cgreesonl8@craigslist.org,Male,209.173.213.88
766,"Quintilla Lorenzetti",qlorenzettil9@naver.com,Female,136.189.204.104
767,"Emmanuel Dyerson",edyersonla@marketwatch.com,Male,211.142.2.82
768,"Flory Amesbury",famesburylb@wiley.com,Female,157.159.134.228
769,"Port Samwayes",psamwayeslc@wikia.com,Male,26.159.140.88
770,"Ainsley Yackiminie",ayackiminield@ezinearticles.com,Female,106.145.195.201
771,"Felizio Jizhaki",fjizhakile@paypal.com,Male,83.180.157.160
772,"Merrie Grew",mgrewlf@europa.eu,Female,45.96.152.212
773,"Niki Perdue",nperduelg@washingtonpost.com,Female,42.184.125.139
774,"Karmen McClunaghan",kmcclunaghanlh@twitpic.com,Female,113.242.186.55
775,"Devin Stemson",dstemsonli@alibaba.com,Female,48.212.232.3
776,"Sutton Doram",sdoramlj@theglobeandmail.com,Male,110.208.119.14
777,"Iormina Windaybank",iwindaybanklk@redcross.org,Female,19.240.152.152
778,"Leela Durgan",ldurganll@usnews.com,Agender,0.65.43.157
779,"Wallie Lively",wlivelylm@smugmug.com,Male,76.121.40.216
780,"Roby Slad",rsladln@google.fr,Bigender,188.156.51.27
781,"Austin Pottle",apottlelo@fema.gov,Female,176.117.107.76
782,"Ebeneser Bellward",ebellwardlp@tmall.com,Male,177.177.205.13
783,"Zacharia Buffy",zbuffylq@dion.ne.jp,Male,240.14.20.17
784,"Didi Kime",dkimelr@huffingtonpost.com,Female,213.180.200.41
785,"Karna Kunzler",kkunzlerls@marketwatch.com,Female,217.23.82.42
786,"Gill Baiyle",gbaiylelt@google.nl,Male,143.168.49.243
787,"Colette Trent",ctrentlu@homestead.com,Female,230.41.113.77
788,"Shane Farrey",sfarreylv@techcrunch.com,Male,252.1.66.149
789,"Prudy Dauncey",pdaunceylw@psu.edu,Female,112.51.166.94
790,"Pavel McEvoy",pmcevoylx@umn.edu,Polygender,162.129.28.186
791,"Denney Elkin",delkinly@abc.net.au,Male,33.252.146.146
792,"Pammie Wilkison",pwilkisonlz@godaddy.com,Female,68.80.95.23
793,"Evangelia Menicomb",emenicombm0@google.nl,Female,174.6.98.230
794,"Kyle Sandilands",ksandilandsm1@chicagotribune.com,Genderqueer,91.4.134.194
795,"Meier McConnulty",mmcconnultym2@opensource.org,Male,95.147.63.10
796,"Lily Bowland",lbowlandm3@cdbaby.com,Female,72.189.252.131
797,"Micheal McSherry",mmcsherrym4@uol.com.br,Male,111.23.31.204
798,"Biddy Gallacher",bgallacherm5@theatlantic.com,Female,226.0.239.87
799,"Gearard Chaff",gchaffm6@intel.com,Male,102.173.30.111
800,"Anthea Shefton",asheftonm7@reddit.com,Non-binary,52.222.211.105
801,"Jervis McAlester",jmcalesterm8@biglobe.ne.jp,Male,77.228.144.211
802,"Tomasina Provost",tprovostm9@webeden.co.uk,Female,99.107.174.38
803,"Donnell Rockhill",drockhillma@archive.org,Male,185.196.143.125
804,"Freddy Sayes",fsayesmb@last.fm,Male,187.229.76.11
805,"Hedvige Knewstub",hknewstubmc@php.net,Female,156.49.109.72
806,"Pancho Mablestone",pmablestonemd@cnbc.com,Male,166.93.47.77
807,"Lu Haithwaite",lhaithwaiteme@npr.org,Genderfluid,244.154.182.223
808,"Philippe Muscott",pmuscottmf@hp.com,Female,82.236.6.19
809,"Eloisa Kenner",ekennermg@google.nl,Female,245.108.72.36
810,"Jecho Ancell",jancellmh@xinhuanet.com,Male,98.140.18.175
811,"Gram Toner",gtonermi@constantcontact.com,Male,186.161.244.135
812,"Marvin Hrihorovich",mhrihorovichmj@weather.com,Male,113.29.204.114
813,"Georgi Clubley",gclubleymk@vinaora.com,Bigender,42.166.138.102
814,"Harlen Blenkinsop",hblenkinsopml@google.com.br,Male,163.86.148.30
815,"Constancia Tuffell",ctuffellmm@yandex.ru,Female,225.82.141.221
816,"Napoleon Janjusevic",njanjusevicmn@livejournal.com,Male,12.16.97.214
817,"Dianna Attenbrough",dattenbroughmo@cbslocal.com,Female,137.247.3.202
818,"Pattie Warfield",pwarfieldmp@slate.com,Male,13.95.152.156
819,"Karim Allot",kallotmq@hatena.ne.jp,Male,157.4.227.249
820,"Iver Flement",iflementmr@deviantart.com,Male,86.219.79.104
821,"Trenton Lisle",tlislems@redcross.org,Male,164.177.200.158
822,"Laurene Bearblock",lbearblockmt@ox.ac.uk,Female,148.194.56.60
823,"Rand Isaacson",risaacsonmu@prweb.com,Male,38.253.234.157
824,"Perice Borland",pborlandmv@parallels.com,Male,185.14.2.156
825,"Zarla Layman",zlaymanmw@freewebs.com,Female,166.164.25.168
826,"Morrie Piggford",mpiggfordmx@jigsy.com,Male,175.151.252.104
827,"Baudoin Marzello",bmarzellomy@simplemachines.org,Male,220.169.65.175
828,"Ravi Apfelmann",rapfelmannmz@yellowbook.com,Male,209.175.169.94
829,"Brigham Pasley",bpasleyn0@blogtalkradio.com,Male,119.178.107.254
830,"Eden de Zamora",edezamoran1@ezinearticles.com,Non-binary,97.134.184.27
831,"Lola Jellyman",ljellymann2@furl.net,Female,47.10.138.207
832,"Randolph Askell",raskelln3@disqus.com,Male,96.100.255.244
833,"Joshua Scudders",jscuddersn4@va.gov,Male,64.251.64.118
834,"Hamil Palomba",hpalomban5@sun.com,Male,84.252.130.209
835,"Bonnee Hedditeh",bhedditehn6@wordpress.com,Female,207.31.234.227
836,"Lowe Matys",lmatysn7@prweb.com,Male,99.16.51.208
837,"Johny Jendrassik",jjendrassikn8@youtu.be,Male,155.0.229.230
838,"Nesta Kinzett",nkinzettn9@wordpress.com,Female,119.40.109.164
839,"Pacorro Eaken",peakenna@constantcontact.com,Genderqueer,191.173.162.141
840,"Charmain Garrud",cgarrudnb@twitter.com,Female,117.77.31.247
841,"Cord Danilovich",cdanilovichnc@apple.com,Male,228.12.23.222
842,"Pauly Van Geffen",pvangeffennd@posterous.com,Female,16.128.165.62
843,"Hart Kilgrove",hkilgrovene@gizmodo.com,Male,169.204.230.245
844,"Aili Parkhouse",aparkhousenf@psu.edu,Female,171.30.88.40
845,"Gayelord Fourman",gfourmanng@chron.com,Male,129.147.124.105
846,"Bent Woollam",bwoollamnh@icio.us,Agender,167.19.128.110
847,"Vin Laible",vlaibleni@wp.com,Male,104.255.0.179
848,"Arron Hacaud",ahacaudnj@com.com,Male,220.241.180.58
849,"Niels Clothier",nclothiernk@sitemeter.com,Male,188.29.49.36
850,"Valenka Caherny",vcahernynl@blogspot.com,Female,235.175.152.11
851,"Dorian Ouldred",douldrednm@dedecms.com,Polygender,87.66.230.124
852,"Bambie Sottell",bsottellnn@yelp.com,Female,62.62.50.164
853,"Rosalia Foskett",rfoskettno@istockphoto.com,Female,195.26.60.211
854,"Cariotta Torbet",ctorbetnp@nba.com,Female,130.55.211.247
855,"Barbra Underhill",bunderhillnq@tinyurl.com,Female,229.85.79.214
856,"Karrie Hendriks",khendriksnr@comcast.net,Female,187.144.29.60
857,"Edik Petche",epetchens@oaic.gov.au,Male,188.227.153.121
858,"Yank McSwan",ymcswannt@springer.com,Non-binary,132.109.59.181
859,"Rosemaria Watson-Brown",rwatsonbrownnu@themeforest.net,Female,243.255.94.4
860,"Trip Olliffe",tolliffenv@addthis.com,Male,116.117.158.237
861,"Marjorie Kempshall",mkempshallnw@imgur.com,Polygender,25.176.48.212
862,"Uta Melbourn",umelbournnx@blog.com,Female,114.113.77.16
863,"Lorita Magill",lmagillny@macromedia.com,Female,44.80.44.210
864,"Bertie Hyman",bhymannz@google.co.uk,Male,227.34.157.50
865,"Earlie Stubbes",estubbeso0@latimes.com,Male,202.146.204.209
866,"Addie Agget",aaggeto1@who.int,Female,246.76.232.33
867,"Kai Dolling",kdollingo2@china.com.cn,Female,74.59.30.57
868,"Deena Jeeves",djeeveso3@rediff.com,Female,219.248.169.16
869,"Jordan Wolstenholme",jwolstenholmeo4@usda.gov,Male,120.30.10.4
870,"Lanna Mitroshinov",lmitroshinovo5@irs.gov,Genderfluid,123.241.160.209
871,"Broddy Grout",bgrouto6@flavors.me,Male,222.71.110.24
872,"Roi Blyth",rblytho7@ihg.com,Non-binary,110.110.235.16
873,"Devinne Figgess",dfiggesso8@youtube.com,Female,160.67.14.144
874,"Melisande Sanford",msanfordo9@homestead.com,Genderfluid,34.135.107.212
875,"Charlean Adiscot",cadiscotoa@cornell.edu,Female,214.80.58.80
876,"Marena McLelland",mmclellandob@scribd.com,Female,109.139.152.104
877,"Gladi Attlee",gattleeoc@freewebs.com,Bigender,101.225.35.255
878,"Angil Blincko",ablinckood@e-recht24.de,Genderqueer,7.235.190.52
879,"Halley Ferraresi",hferraresioe@techcrunch.com,Female,215.124.245.175
880,"Joella Winspar",jwinsparof@artisteer.com,Female,28.105.89.1
881,"Katleen Gilgryst",kgilgrystog@joomla.org,Female,186.176.250.117
882,"Jessie Janton",jjantonoh@google.pl,Male,76.32.34.74
883,"Valdemar Dowglass",vdowglassoi@mediafire.com,Male,123.63.18.88
884,"Leann Charrisson",lcharrissonoj@1und1.de,Female,62.255.105.142
885,"Alvy Wonfor",awonforok@irs.gov,Male,58.249.149.203
886,"Hill Reignolds",hreignoldsol@gravatar.com,Male,192.103.219.20
887,"Cosmo Bustin",cbustinom@symantec.com,Male,199.177.150.196
888,"Artemas Dallimore",adallimoreon@t-online.de,Male,192.58.179.226
889,"Barnaby Lannin",blanninoo@redcross.org,Male,74.170.14.211
890,"Lydie Ferandez",lferandezop@youtube.com,Female,208.175.23.250
891,"Morganica Duncanson",mduncansonoq@pinterest.com,Female,19.102.133.158
892,"Teresina Solleme",tsollemeor@theatlantic.com,Polygender,250.199.73.251
893,"Kippie Kleinhaus",kkleinhausos@a8.net,Female,223.210.89.47
894,"Otes Warlow",owarlowot@simplemachines.org,Non-binary,92.231.17.195
895,"Nan Houseman",nhousemanou@tmall.com,Non-binary,106.148.178.128
896,"Jolee Eddie",jeddieov@ifeng.com,Female,180.92.156.226
897,"Eada Boich",eboichow@umn.edu,Female,139.195.20.157
898,"Clare Rosingdall",crosingdallox@i2i.jp,Female,137.63.209.23
899,"Donnell Montfort",dmontfortoy@tripadvisor.com,Male,117.204.33.176
900,"Sherlocke Place",splaceoz@youtu.be,Male,21.54.126.66
901,"Idalina Delepine",idelepinep0@pagesperso-orange.fr,Female,194.132.5.109
902,"Sherline Brenneke",sbrennekep1@china.com.cn,Female,188.9.86.74
903,"Spike Peters",spetersp2@washington.edu,Male,46.10.228.226
904,"Duane Feather",dfeatherp3@cdc.gov,Male,227.157.201.158
905,"Augie Ebsworth",aebsworthp4@discovery.com,Male,29.66.103.98
906,"Allayne Vogl",avoglp5@angelfire.com,Male,65.137.104.59
907,"Anton Pinckney",apinckneyp6@fema.gov,Male,251.147.78.42
908,"Puff Stivey",pstiveyp7@wix.com,Male,176.28.224.162
909,"Elizabeth Perrycost",eperrycostp8@t.co,Female,73.235.106.222
910,"Rance Castellet",rcastelletp9@msn.com,Male,74.94.251.106
911,"Cherey Buncom",cbuncompa@hibu.com,Female,49.251.196.76
912,"Leonore Nehls",lnehlspb@newsvine.com,Female,136.190.75.245
913,"June Dictus",jdictuspc@webeden.co.uk,Female,162.224.190.43
914,"Mary Childes",mchildespd@nps.gov,Female,123.78.127.70
915,"Marjory Studdard",mstuddardpe@abc.net.au,Female,30.13.206.158
916,"Wilton Brise",wbrisepf@engadget.com,Male,158.104.141.189
917,"Bradney Ethridge",bethridgepg@geocities.jp,Bigender,151.61.17.224
918,"Alfie Beneyto",abeneytoph@themeforest.net,Male,9.27.127.227
919,"Berkly Bownass",bbownasspi@tripod.com,Male,223.139.62.71
920,"Pincas Tice",pticepj@techcrunch.com,Male,10.141.44.173
921,"Bjorn Bradforth",bbradforthpk@merriam-webster.com,Polygender,86.134.17.134
922,"Dredi Saxton",dsaxtonpl@tmall.com,Female,152.16.200.105
923,"Lenette Sheldon",lsheldonpm@geocities.com,Female,26.185.58.182
924,"Cookie Elstob",celstobpn@geocities.com,Female,63.216.100.13
925,"Caroline Gillott",cgillottpo@google.pl,Female,62.191.42.211
926,"Rey Pinwill",rpinwillpp@nymag.com,Male,131.22.193.21
927,"Cathy Bainbridge",cbainbridgepq@odnoklassniki.ru,Bigender,31.41.255.50
928,"Karna Tregidgo",ktregidgopr@behance.net,Female,218.52.61.238
929,"Gwen Gronaver",ggronaverps@gizmodo.com,Female,250.88.131.25
930,"Angie Normavill",anormavillpt@icq.com,Male,124.242.224.103
931,"Constantin Covil",ccovilpu@auda.org.au,Male,36.172.79.212
932,"Ynez Bath",ybathpv@pcworld.com,Female,95.35.61.232
933,"Mollie Macrae",mmacraepw@unesco.org,Female,163.245.85.148
934,"Stillman Wortt",sworttpx@simplemachines.org,Male,151.225.5.155
935,"Barbey Mc Carroll",bmccarrollpy@whitehouse.gov,Female,211.236.132.139
936,"Zorana Klaff",zklaffpz@miibeian.gov.cn,Female,126.185.20.60
937,"Jo-anne Djurdjevic",jdjurdjevicq0@youtu.be,Female,95.188.155.193
938,"Gorden Critchard",gcritchardq1@mayoclinic.com,Male,203.72.90.206
939,"Myca Blazewicz",mblazewiczq2@furl.net,Male,113.200.246.75
940,"Hortensia Diamant",hdiamantq3@comcast.net,Female,103.57.151.201
941,"Chrisse Pearsall",cpearsallq4@dagondesign.com,Male,159.153.222.29
942,"Benjy Simonini",bsimoniniq5@theguardian.com,Male,125.48.17.4
943,"Eimile Adriaens",eadriaensq6@usa.gov,Female,58.181.167.173
944,"Cloe Couche",ccoucheq7@umn.edu,Female,0.84.67.85
945,"Sergio Barnewille",sbarnewilleq8@answers.com,Male,20.91.14.19
946,"Langsdon Follos",lfollosq9@hostgator.com,Male,159.253.143.195
947,"Jarrod Berends",jberendsqa@ameblo.jp,Male,82.166.126.37
948,"Pearce Cumine",pcumineqb@storify.com,Male,84.165.86.50
949,"Drud Trustram",dtrustramqc@cocolog-nifty.com,Agender,190.209.202.69
950,"Gerri Jurewicz",gjurewiczqd@discovery.com,Male,83.240.235.80
951,"Kimball Eytel",keytelqe@deliciousdays.com,Male,113.62.230.129
952,"Alanson Peacock",apeacockqf@sciencedaily.com,Male,186.145.75.226
953,"Ambrosio Willoughley",awilloughleyqg@privacy.gov.au,Male,184.29.87.223
954,"Sherwin Laffranconi",slaffranconiqh@economist.com,Male,248.157.50.234
955,"Dehlia Baudinelli",dbaudinelliqi@illinois.edu,Genderfluid,112.130.68.67
956,"Vincent Pennings",vpenningsqj@dion.ne.jp,Male,17.168.21.169
957,"Burlie Belcham",bbelchamqk@360.cn,Male,59.149.135.57
958,"Saidee Sillito",ssillitoql@theguardian.com,Bigender,142.21.124.17
959,"Cornelia Windress",cwindressqm@cornell.edu,Non-binary,62.233.31.176
960,"Gilbertina Jaqueme",gjaquemeqn@tripod.com,Female,88.173.116.95
961,"Corabelle Abels",cabelsqo@apache.org,Female,122.29.132.125
962,"Norma McLugaish",nmclugaishqp@simplemachines.org,Female,246.188.122.177
963,"Josey Winnister",jwinnisterqq@webeden.co.uk,Female,198.251.129.178
964,"Lilllie Splaven",lsplavenqr@drupal.org,Female,157.165.122.19
965,"Gabriello Suermeier",gsuermeierqs@behance.net,Male,137.127.219.194
966,"Forbes Accomb",faccombqt@redcross.org,Male,172.152.189.155
967,"Grayce Hintzer",ghintzerqu@4shared.com,Agender,92.184.47.217
968,"Jeremiah Bolesworth",jbolesworthqv@nbcnews.com,Genderfluid,230.96.61.51
969,"Caitrin Euels",ceuelsqw@prnewswire.com,Female,212.37.86.86
970,"Calypso Tomsett",ctomsettqx@taobao.com,Female,226.217.105.147
971,"Krista Cranmer",kcranmerqy@cafepress.com,Female,234.69.183.78
972,"Fallon Abendroth",fabendrothqz@nbcnews.com,Female,246.16.79.77
973,"Arleta Frood",afroodr0@is.gd,Female,40.78.96.123
974,"Shelby Brettell",sbrettellr1@sun.com,Male,133.118.118.62
975,"Josey Pimme",jpimmer2@state.gov,Female,197.169.121.228
976,"Godfree Safell",gsafellr3@dell.com,Male,129.19.29.61
977,"Waldon Murdoch",wmurdochr4@gov.uk,Male,239.177.114.205
978,"Raymund Riley",rrileyr5@tripod.com,Male,230.57.116.30
979,"Roberta McDonough",rmcdonoughr6@slate.com,Female,139.50.59.74
980,"Mattie Masserel",mmasserelr7@people.com.cn,Female,103.113.90.234
981,"Colette Gripton",cgriptonr8@fc2.com,Female,165.28.187.148
982,"Benedetta Gaskill",bgaskillr9@feedburner.com,Female,148.37.68.185
983,"Sally Mulvany",smulvanyra@ask.com,Female,75.131.69.143
984,"Marigold Saunper",msaunperrb@nih.gov,Female,28.36.3.170
985,"Corrianne Fulloway",cfullowayrc@deviantart.com,Female,202.71.252.245
986,"Emmye Wyley",ewyleyrd@surveymonkey.com,Female,144.74.99.110
987,"Hebert Aizik",haizikre@abc.net.au,Male,22.87.70.112
988,"Archaimbaud Srawley",asrawleyrf@macromedia.com,Male,120.169.211.9
989,"Gideon Naughton",gnaughtonrg@creativecommons.org,Genderqueer,23.60.79.124
990,"Marjie Reuther",mreutherrh@technorati.com,Female,210.61.38.112
991,"Caroline Vane",cvaneri@about.com,Female,187.164.69.192
992,"Calli Matus",cmatusrj@xinhuanet.com,Female,125.226.207.84
993,"Andreana Schutter",aschutterrk@foxnews.com,Female,185.26.118.18
994,"Fernande Vasilmanov",fvasilmanovrl@forbes.com,Female,193.73.173.232
995,"Petronille Mc Menamin",pmcmenaminrm@usgs.gov,Female,78.199.198.165
996,"Bron Josipovic",bjosipovicrn@arstechnica.com,Male,6.20.76.186
997,"Zollie Ezele",zezelero@omniture.com,Male,11.30.155.205
998,"Brooke Peddar",bpeddarrp@indiegogo.com,Female,85.209.128.118
999,"Gabby Royall",groyallrq@shareasale.com,Male,173.146.56.254
1000,"Rosabella Bow",rbowrr@mysql.com,Female,138.80.177.45
